IMPLEMENTATION COMMAND CENTER,,,Updated:,=TODAY(),,
,,,,,
ACTIVE IMPLEMENTATIONS,,,,,
Client Name,Current Week,Progress,Status,Next Meeting,Alert,Notes
TitleCo Partners,Week 5.1,17%,On Track,11/12/24 2:00 PM,‚ö†Ô∏è 1,Logo pending
Summit Settlements,Week 12.1,40%,On Track,11/13/24 10:00 AM,‚úÖ,
Apex Title Group,Week 2.1,7%,Planning,11/14/24 3:00 PM,üìã,PST Friday
Coastal Escrow,Week 22,73%,Go-Live,11/11/24 9:00 AM,üöÄ,Phase 1 launch
,,,,,
THIS WEEK'S SCHEDULE,,,,,
Day,Client,Time CST,Topic,Status,
Monday,Coastal Escrow,9:00 AM,Go-Live Support,Scheduled,
Tuesday,TitleCo Partners,2:00 PM,Week 5.1 - Preferences,Confirmed,
Wednesday,Summit Settlements,10:00 AM,Week 12.1 - Templates,Confirmed,
Thursday,Apex Title Group,3:00 PM,Week 2.1 - Planning,Tentative,
Friday,Team Meeting,10:00 AM,Weekly Status Review,Recurring,